OBJECTID,GEOID,State_or_Territory,Median_Income,Abbreviation,Overall_Index_Ranking,Overall_Index,Wage_Dimension_Ranking,Wage_Dimension_Index,Worker_Protection_Dimension_Ranking,Worker_Protection_Dimension_Index,Right_to_Organize_Dimension_Ranking,Right_to_Organize_Dimension_Index,MIT_Living_Wage_2022,Minimum_Wage_2022,Wage_Ratio,Minimum_Tipped_Cash_Wage_2021,Tip_Wage_Ratio,Working_Family_Weekly_UI_Benefit,UI_to_MIT_Living_Wage_Ratio,UI_Ratio_with_CARES,Local_Control_of_Minimum_Wage,Farmworkers_Covered_by_Minimum_Wage,Private_Sector_Pregnant_Worker_Accommodation,Private_Sector_Right_to_Pump,Basic_Equal_Pay,No_Pay_Secrecy,No_Private_Sector_Salary_History,Family_Leave_in_Place,Sick_Leave_in_Place,Flexible_Scheduling,Reporting_Pay,Split_Shift_Pay,Advanced_Shift_Notice,Sexual_Harassment_in_the_Law,Farmworker_Compensation,Domestic_Worker_Protections,Heat_Standard,Right_to_Work,Teachers_Collective_Bargaining,Teachers_Wage_Negotiation,PLAs_Allowed_Locally,Protections_From_Retaliation,Collective_Bargaining,Protections_From_Retaliation_text,2021_gdp_millionsOfDollars,2021_percentChange,Minimum_Wage,Minimum_Tipped_Wage,Same_as_regular_minimum_wage,Minimum_Wage_map,Minimum_Tipped_Wage_map
1,1,Alabama,54943,AL,49,10.06015619,47,6.400390484,49,14.28571429,47,10,35.02,7.25,20.7,2.13,0.293793103,145,0.103512279,0.120672437,No,No,No,No,Yes,Yes,Yes,No,No,No,No,No,No,No,No,No,No,Yes,No,No,No,0,Allowed,No. Criminal penalities only against wage theft retaliation (no civil penalties).,254110,10.1,$7.25 ,$2.13 ,No state minimum wage requirement. Federal minimum wage applies.,7.25,2.13
2,2,Alaska,80287,AK,24,43.65741261,18,58.10186486,37,22.61904762,29,50,36.4,10.34,28.4,10.34,1,241.5648,0.16590989,0.19074921,Yes,No,No,No,Yes,No,No,No,No,No,No,No,No,Yes,Partially covered or covered with exceptions.,No,No,No,Yes,Yes,No,0,Allowed,No. Criminal penalities only against wage theft retaliation (no civil penalties).,57349,13.6,$10.85 ,$10.85 ,Minimum wage and minimum tipped wage are greater than federal minimum wage ($7.25/hr) and  federal minimum tipped wage ($2.13/hr). Employers must pay tipped workers full state minimum wage before tips.,10.85,10.85
3,4,Arizona,65913,AZ,20,52.05391149,7,69.71811205,25,33.33333333,29,50,37.82,12.8,33.8,9.8,0.765625,240,0.158646219,0.185070944,Yes,"Yes, with some exceptions.",No,No,Yes,No,No,No,Yes,No,No,No,No,Yes,Yes,No,No,Yes,No,No,Yes,1,Allowed,"Yes. Policy includes back pay, monetary damages, recovered attorney fees, right to take complaints to a government agency and court, and potential for government-imposed fine.",420027,9.9,$13.85 ,$10.85 ,Minimum wage and minimum tipped wage are greater than federal minimum wage ($7.25/hr) and  federal minimum tipped wage ($2.13/hr).,13.85,10.85
4,5,Arkansas,52123,AR,33,29.49242984,24,44.56440793,32,26.19047619,47,10,34.81,11,31.6,2.63,0.239090909,220,0.158000575,0.17828201,No,"Yes, with some exceptions.",No,Yes,Yes,No,No,No,No,No,No,No,No,Yes,No,No,No,Yes,Yes,No,No,0,No,No. Criminal penalities only against wage theft retaliation (no civil penalties).,148676,11,$11.00 ,$2.63 ,Minimum wage and minimum tipped wage are greater than federal minimum wage ($7.25/hr) and  federal minimum tipped wage ($2.13/hr).,11,2.63
5,6,California,84097,CA,2,85.55541626,5,70.13854064,2,92.85714286,1,100,46.75,14,29.9,14,1,280,0.14973262,0.342885133,Yes,Yes,Yes,Yes,Yes,Yes,Yes,Yes,Yes,No,Yes,Yes,No,Yes,Yes,Yes,Yes,No,Yes,Yes,Yes,1,Required,"Yes. Policy includes back pay, monetary damages, recovered attorney fees, right to take complaints to a government agency and court, and potential for government-imposed fine.",3373241,11.7,$15.50 ,$15.50 ,Minimum wage and minimum tipped wage are greater than federal minimum wage ($7.25/hr) and  federal minimum tipped wage ($2.13/hr). Employers must pay tipped workers full state minimum wage before tips.,15.5,15.5
6,8,Colorado,80184,CO,9,68.38044789,4,70.95111973,10,64.28571429,22,70,40.11,12.56,31.3,9.54,0.75955414,301.44,0.187883321,0.390955924,Yes,"Yes, with some exceptions.",Yes,Yes,Yes,Yes,Yes,Yes,Yes,No,No,No,No,Yes,Yes,No,No,No,Yes,Yes,Yes,0,Allowed,No. Criminal penalities only against wage theft retaliation (no civil penalties).,436359,11.5,$13.65 ,$10.63 ,Minimum wage and minimum tipped wage are greater than federal minimum wage ($7.25/hr) and  federal minimum tipped wage ($2.13/hr).,13.65,10.63
7,9,Connecticut,83572,CT,7,75.29257279,3,72.60643198,5,75,11,80,40.76,14,34.3,6.38,0.455714286,310,0.19013739,0.417521242,Yes,"Yes, with some exceptions.",Yes,Yes,Yes,Yes,Yes,Yes,Yes,No,Yes,No,No,Yes,Yes,Yes,No,No,Yes,Yes,Yes,0,Required,No. Criminal penalities only against wage theft retaliation (no civil penalties).,298395,8,$14.00 ,$6.38 ,Minimum wage and minimum tipped wage are greater than federal minimum wage ($7.25/hr) and  federal minimum tipped wage ($2.13/hr).,14,6.38
8,10,Delaware,72724,DE,21,51.09482883,27,40.23707208,20,42.85714286,11,80,38.93,10.5,27,2.23,0.212380952,237.3913043,0.152447537,0.376019523,Yes,No,Yes,Yes,Yes,Yes,Yes,No,No,No,No,No,No,Yes,No,No,No,No,Yes,Yes,Yes,0,Required,No. Criminal penalities only against wage theft retaliation (no civil penalties).,81160,7,$11.75 ,$2.23 ,Minimum wage and minimum tipped wage are greater than federal minimum wage ($7.25/hr) and  federal minimum tipped wage ($2.13/hr).,11.75,2.23
9,11,District of Columbia,93547,DC,4,80.23335907,2,76.62506435,8,70.23809524,1,100,45.17,16.1,35.6,5.05,0.313664596,322,0.17821563,0.392411642,Yes,Yes,Yes,Yes,Yes,Yes,No,Yes,Yes,No,Yes,Yes,Yes,Yes,Yes,No,No,No,Yes,Yes,Yes,1,Required,"Yes. Policy includes back pay, monetary damages, recovered attorney fees, right to take complaints to a government agency and court, and potential for government-imposed fine.",153670,6.2,$16.50 ,$5.35 ,Minimum wage and minimum tipped wage are greater than federal minimum wage ($7.25/hr) and  federal minimum tipped wage ($2.13/hr).,16.5,5.35
10,12,Florida,61777,FL,29,37.87055952,30,37.38473213,37,22.61904762,26,60,37.25,10,26.8,6.98,0.698,200,0.134228188,0.133983891,No,"Yes, with some exceptions.",No,No,Yes,No,No,No,No,No,No,No,No,Yes,Partially covered or covered with exceptions.,No,No,Yes,Yes,Yes,No,1,Required,"Yes. Policy includes back pay, monetary damages, recovered attorney fees, right to take complaints to a government agency and court, and potential for government-imposed fine.",1255558,12.4,$11.00 ,$7.98 ,Minimum wage and minimum tipped wage are greater than federal minimum wage ($7.25/hr) and  federal minimum tipped wage ($2.13/hr).,11,7.98
11,13,Georgia,65030,GA,50,7.523680142,46,8.392533688,50,11.9047619,49,0,36.8,7.25,19.7,2.13,0.293793103,179.5238095,0.12195911,0.139252102,No,No,No,Yes,Yes,No,No,No,No,No,No,No,No,No,No,No,No,Yes,No,No,No,0,No,No. Criminal penalities only against wage theft retaliation (no civil penalties).,691627,10.6,$7.25 ,$2.13 ,Minimum wage and minimum tipped wage are the same as federal minimum wage ($7.25/hr) and  federal minimum tipped wage ($2.13/hr).,7.25,2.13
12,15,Hawaii,88005,HI,19,57.89850842,23,44.74627105,11,57.14285714,11,80,45.71,10.1,22.1,9.35,0.925742574,250.0952381,0.136783657,0.340405469,Yes,"Yes, with some exceptions.",Yes,Yes,Yes,Yes,Yes,No,No,No,No,No,No,Yes,Yes,Yes,No,No,Yes,Yes,Yes,0,Required,No. Criminal penalities only against wage theft retaliation (no civil penalties).,91096,10.4,$12.00 ,$11.00 ,Minimum wage and minimum tipped wage are greater than federal minimum wage ($7.25/hr) and  federal minimum tipped wage ($2.13/hr).,12,11
13,16,Idaho,63377,ID,43,21.4443773,41,11.94427659,32,26.19047619,39,30,36.99,7.25,19.6,3.35,0.462068966,145,0.097999459,0.11585171,No,"Yes, with some exceptions.",No,No,Yes,No,No,No,No,No,No,No,No,Yes,Yes,No,No,Yes,Yes,Yes,No,0,Allowed,No. Criminal penalities only against wage theft retaliation (no civil penalties).,96283,12.1,$7.25 ,$3.35 ,Minimum wage is the same as federal minimum wage ($7.25/hr). Minimum wage for tipped workers is greater than federal minimum tipped wage ($2.13/hr).,7.25,3.35
14,17,Illinois,72563,IL,10,67.76705491,13,63.16763726,15,53.57142857,5,95,38.42,12,31.2,7.2,0.6,251.6,0.163716814,0.409468183,Yes,"Yes, with some exceptions.",Yes,Yes,Yes,Yes,Yes,No,No,No,No,No,No,Yes,Partially covered or covered with exceptions.,Yes,No,No,Yes,Yes,Yes,0.75,Required,"Yes. Policy includes back pay, monetary damages, recovered attorney fees, and right to take complaints to a government agency and court. Does not include government-imposed fine.",945674,10.4,$13.00 ,$7.80 ,Minimum wage and minimum tipped wage are greater than federal minimum wage ($7.25/hr) and  federal minimum tipped wage ($2.13/hr).,13,7.8
15,18,Indiana,61944,IN,36,26.40038609,48,5.584298563,32,26.19047619,26,60,34.73,7.25,20.9,2.13,0.293793103,136.3,0.098114022,0.11305574,No,No,No,Yes,Yes,No,No,No,No,No,No,No,No,Yes,No,No,No,Yes,Yes,Yes,Yes,0,Required,No. Criminal penalities only against wage theft retaliation (no civil penalties).,412975,10.5,$7.25 ,$2.13 ,Minimum wage and minimum tipped wage are the same as federal minimum wage ($7.25/hr) and  federal minimum tipped wage ($2.13/hr).,7.25,2.13
16,19,Iowa,65429,IA,39,24.94644697,37,17.57445076,37,22.61904762,32,40,37.87,7.25,19.1,4.35,0.6,179.5238095,0.118513209,0.143343827,No,"Yes, with some exceptions.",No,No,Yes,No,No,No,No,No,No,No,No,Yes,Partially covered or covered with exceptions.,No,No,Yes,Yes,Yes,No,0,Required,No. Criminal penalities only against wage theft retaliation (no civil penalties).,216860,10.1,$7.25 ,$4.35 ,Minimum wage is the same as federal minimum wage ($7.25/hr). Minimum wage for tipped workers is greater than federal minimum tipped wage ($2.13/hr).,7.25,4.35
17,20,Kansas,64521,KS,46,18.47858843,50,4.529804399,45,19.04761905,32,40,37.45,7.25,19.4,2.13,0.293793103,160.225,0.106959279,0.375265003,No,No,No,No,Yes,No,No,No,No,No,No,No,No,Yes,No,No,No,Yes,Yes,Yes,No,0,Required,No. Criminal penalities only against wage theft retaliation (no civil penalties).,191381,7.8,$7.25 ,$2.13 ,Minimum wage and minimum tipped wage are the same as federal minimum wage ($7.25/hr) and  federal minimum tipped wage ($2.13/hr).,7.25,2.13
18,21,Kentucky,55454,KY,35,26.76145126,39,12.73696147,25,33.33333333,32,40,34.49,7.25,21,2.13,0.293793103,179.79884,0.13032679,0.396135106,No,No,Yes,Yes,Yes,No,No,No,No,No,No,No,No,Yes,No,No,No,Yes,Yes,No,Yes,0,Allowed,No. Criminal penalities only against wage theft retaliation (no civil penalties).,237182,9.4,$7.25 ,$2.13 ,Minimum wage and minimum tipped wage are the same as federal minimum wage ($7.25/hr) and  federal minimum tipped wage ($2.13/hr).,7.25,2.13
19,22,Louisiana,53571,LA,42,22.97727789,44,8.484861383,24,34.52380952,39,30,36.96,7.25,19.6,2.13,0.293793103,182.091,0.123167614,0.374759795,No,No,Yes,No,Yes,Yes,No,No,No,No,No,No,No,Yes,Partially covered or covered with exceptions.,No,No,Yes,Yes,No,No,0.5,Allowed,"Yes. Policy includes back pay, recovered attorney fees, court cases against employers, and court-mandated monetary damages. Does not include government-imposed fine. No easy means to take complaint to government agency.",258571,11.2,$7.25 ,$2.13 ,No state minimum wage requirement. Federal minimum wage applies.,7.25,2.13
20,23,Maine,63182,ME,13,65.57296516,9,67.0574129,15,53.57142857,11,80,39.06,12.75,32.6,6.38,0.500392157,321.3636364,0.205685891,0.468359934,Yes,No,Yes,Yes,Yes,Yes,Yes,No,Yes,No,No,No,No,Yes,Partially covered or covered with exceptions.,No,No,No,Yes,Yes,Yes,0,Required,No. Criminal penalities only against wage theft retaliation (no civil penalties).,77963,10.2,$13.80 ,$6.90 ,Minimum wage and minimum tipped wage are greater than federal minimum wage ($7.25/hr) and  federal minimum tipped wage ($2.13/hr).,13.8,6.9
21,24,Maryland,91431,MD,14,63.04547895,15,60.73869739,15,53.57142857,11,80,40.4,12.5,30.9,3.63,0.2904,286.8333333,0.177495875,0.19103596,Yes,"Yes, with some exceptions.",Yes,No,Yes,Yes,Yes,Yes,Yes,No,No,No,No,Yes,Partially covered or covered with exceptions.,No,No,No,Yes,Yes,Yes,0,Required,No. Criminal penalities only against wage theft retaliation (no civil penalties).,443930,8,$13.25 ,$3.63 ,Minimum wage and minimum tipped wage are greater than federal minimum wage ($7.25/hr) and  federal minimum tipped wage ($2.13/hr).,13.25,3.63
22,25,Massachusetts,89026,MA,6,76.35602157,8,69.01505392,5,75,7,90,43.77,14.25,32.6,6.15,0.431578947,335,0.191341101,0.446428571,Yes,"Yes, with some exceptions.",Yes,Yes,Yes,Yes,Yes,Yes,Yes,No,Yes,No,No,Yes,Yes,Yes,No,No,Yes,Yes,Yes,0.5,Required,"Yes. Policy includes back pay, recovered attorney fees, court cases against employers, and court-mandated monetary damages. Does not include government-imposed fine. No easy means to take complaint to government agency.",641332,9.6,$15.00 ,$6.75 ,Minimum wage and minimum tipped wage are greater than federal minimum wage ($7.25/hr) and  federal minimum tipped wage ($2.13/hr).,15,6.75
23,26,Michigan,63202,MI,31,36.04214179,29,38.02202115,29,30.95238095,32,40,35.94,9.87,27.5,3.75,0.37993921,222.4284,0.154722037,0.436394134,No,"Yes, with some exceptions.",No,No,Yes,Yes,No,No,Yes,No,No,No,No,Yes,Partially covered or covered with exceptions.,No,No,Yes,Yes,Yes,No,0,Required,No. Criminal penalities only against wage theft retaliation (no civil penalties).,572206,10,$10.10 ,$3.84 ,Minimum wage and minimum tipped wage are greater than federal minimum wage ($7.25/hr) and  federal minimum tipped wage ($2.13/hr).,10.1,3.84
24,27,Minnesota,77706,MN,18,58.5606537,19,53.69330091,21,41.66666667,7,90,38.9,10.33,26.6,10.33,1,206.6,0.13277635,0.380461165,Yes,"Yes, with some exceptions.",Yes,Yes,Yes,Yes,No,No,No,No,No,No,No,Yes,Partially covered or covered with exceptions.,No,No,No,Yes,Yes,Yes,0.5,Required,"Yes. Policy includes back pay, recovered attorney fees, court cases against employers, and court-mandated monetary damages. Does not include government-imposed fine. No easy means to take complaint to government agency.",412459,9.5,$10.59 ,$10.59 ,Minimum wage and minimum tipped wage are greater than federal minimum wage ($7.25/hr) and  federal minimum tipped wage ($2.13/hr). Employers must pay tipped workers full state minimum wage before tips.,10.59,10.59
25,28,Mississippi,49111,MS,51,7.106497531,49,5.266243827,52,0,44,20,35.67,7.25,20.3,2.13,0.293793103,145,0.101626016,0.120471918,No,No,No,No,No,No,No,No,No,No,No,No,No,No,No,No,No,Yes,Yes,No,No,0,Allowed,No. Criminal penalities only against wage theft retaliation (no civil penalties).,127308,10.6,$7.25 ,$2.13 ,No state minimum wage requirement. Federal minimum wage applies.,7.25,2.13
26,29,Missouri,61043,MO,30,37.26649041,22,45.24955935,45,19.04761905,29,50,37.1,11.15,30.1,5.58,0.50044843,231.92,0.156280323,0.169762282,No,"Yes, with some exceptions.",No,No,Yes,No,No,No,No,No,No,No,No,Yes,No,No,No,No,Yes,Yes,No,0,Allowed,No. Criminal penalities only against wage theft retaliation (no civil penalties).,358572,8.6,$12.00 ,$6.00 ,Minimum wage and minimum tipped wage are greater than federal minimum wage ($7.25/hr) and  federal minimum tipped wage ($2.13/hr).,12,6
27,30,Montana,60560,MT,26,42.8512161,21,49.83637359,37,22.61904762,26,60,36.92,9.2,24.9,9.2,1,191.36,0.129577465,0.144215531,Yes,"Yes, with some exceptions.",No,No,Yes,No,No,No,No,No,No,No,No,Yes,Partially covered or covered with exceptions.,No,No,No,Yes,Yes,No,0,Required,No. Criminal penalities only against wage theft retaliation (no civil penalties).,58700,12.1,$9.95 ,$9.95 ,Minimum wage and minimum tipped wage are greater than federal minimum wage ($7.25/hr) and  federal minimum tipped wage ($2.13/hr). Employers must pay tipped workers full state minimum wage before tips.,9.95,9.95
28,31,Nebraska,66644,NE,25,43.36282436,32,28.19872757,21,41.66666667,22,70,37.36,9,24.1,2.13,0.236666667,180,0.120449679,0.143129771,Yes,No,Yes,Yes,Yes,Yes,No,No,No,No,No,No,No,Yes,Partially covered or covered with exceptions.,No,No,Yes,Yes,Yes,Yes,0.5,Required,"Yes. Policy includes back pay, recovered attorney fees, court cases against employers, and court-mandated monetary damages. Does not include government-imposed fine. No easy means to take complaint to government agency.",146285,8.7,$10.50 ,$2.13 ,Minimum wage is greater than federal minimum wage ($7.25/hr). Minimum wage for tipped workers is the same as federal minimum tipped wage ($2.13/hr).,10.5,2.13
29,32,Nevada,65686,NV,16,60.35838781,17,60.27096952,15,53.57142857,22,70,36.58,10.5,28.7,9.75,0.928571429,218.4,0.149261892,0.400657895,Yes,"Yes, with some exceptions.",Yes,Yes,Yes,Yes,Yes,No,Yes,No,No,No,No,Yes,No,Yes,No,Yes,Yes,Yes,Yes,0.5,Required,"Yes. Policy includes back pay, recovered attorney fees, court cases against employers, and court-mandated monetary damages. Does not include government-imposed fine. No easy means to take complaint to government agency.",194487,12.7,$10.50 ,$10.50 ,Minimum wage and minimum tipped wage are greater than federal minimum wage ($7.25/hr) and  federal minimum tipped wage ($2.13/hr). Employers must pay tipped workers full state minimum wage before tips.,10.5,10.5
30,33,New Hampshire,83449,NH,28,41.70463901,34,20.92826418,23,38.0952381,11,80,37.04,7.25,19.6,3.26,0.449655172,165.88,0.111960043,0.133947028,Yes,No,No,No,Yes,Yes,No,No,No,Yes,Yes,No,No,Yes,Yes,No,No,No,Yes,Yes,Yes,0,Required,No. Criminal penalities only against wage theft retaliation (no civil penalties).,99673,12.8,$7.25 ,$3.26 ,Minimum wage is the same as federal minimum wage ($7.25/hr). Minimum wage for tipped workers is greater than federal minimum tipped wage ($2.13/hr).,7.25,3.26
31,34,New Jersey,89703,NJ,8,74.76578143,12,65.03945357,5,75,7,90,43.44,13,29.9,5.13,0.394615385,346.32,0.199309392,0.440363843,Yes,"Yes, with some exceptions.",Yes,Yes,Yes,Yes,Yes,Yes,Yes,No,Yes,No,No,Yes,Yes,Yes,No,No,Yes,Yes,Yes,0.5,Required,"Yes. Policy includes back pay, recovered attorney fees, court cases against employers, and court-mandated monetary damages. Does not include government-imposed fine. No easy means to take complaint to government agency.",682946,10.1,$14.13 ,$5.26 ,Minimum wage and minimum tipped wage are greater than federal minimum wage ($7.25/hr) and  federal minimum tipped wage ($2.13/hr).,14.13,5.26
32,35,New Mexico,54020,NM,12,65.64474879,11,66.19520531,14,54.76190476,11,80,36.61,11.5,31.4,2.8,0.243478261,296.1,0.202198853,0.454955668,Yes,"Yes, with some exceptions.",Yes,Yes,Yes,No,No,No,Yes,No,No,No,No,Yes,Yes,Yes,No,No,Yes,Yes,Yes,0,Required,No. Criminal penalities only against wage theft retaliation (no civil penalties).,109583,10.9,$12.00 ,$3.00 ,Minimum wage and minimum tipped wage are greater than federal minimum wage ($7.25/hr) and  federal minimum tipped wage ($2.13/hr).,12,3
33,36,New York,75157,NY,5,79.3061578,10,67.0153945,3,78.57142857,1,100,43.1,13.2,30.6,8.8,0.666666667,264,0.153132251,0.382156754,Yes,Yes,Yes,Yes,Yes,Yes,Yes,Yes,Yes,No,Yes,Yes,No,Yes,Yes,Yes,No,No,Yes,Yes,Yes,1,Required,"Yes. Policy includes back pay, monetary damages, recovered attorney fees, right to take complaints to a government agency and court, and potential for government-imposed fine.",1901297,9.2,$14.20 ,$9.45 ,Minimum wage and minimum tipped wage are greater than federal minimum wage ($7.25/hr) and  federal minimum tipped wage ($2.13/hr).,14.2,9.45
34,37,North Carolina,60516,NC,52,4.552743163,51,4.090191241,51,8.333333333,49,0,36.37,7.25,19.9,2.13,0.293793103,145,0.099670058,0.355886116,No,No,No,No,Yes,No,No,No,No,No,No,No,No,No,Partially covered or covered with exceptions.,No,No,Yes,No,No,No,0,No,No. Criminal penalities only against wage theft retaliation (no civil penalties).,662121,10.6,$7.25 ,$2.13 ,Minimum wage and minimum tipped wage are the same as federal minimum wage ($7.25/hr) and  federal minimum tipped wage ($2.13/hr).,7.25,2.13
35,38,North Dakota,68131,ND,40,24.11869973,35,18.63008266,32,26.19047619,39,30,34.94,7.25,20.7,4.86,0.670344828,145,0.103749284,0.122673435,No,"Yes, with some exceptions.",Yes,No,Yes,No,No,No,No,No,No,No,No,Yes,No,No,No,Yes,Yes,No,No,0.5,Allowed,"Yes. Policy includes back pay, recovered attorney fees, court cases against employers, and court-mandated monetary damages. Does not include government-imposed fine. No easy means to take complaint to government agency.",63560,16.8,$7.25 ,$4.86 ,Minimum wage is the same as federal minimum wage ($7.25/hr). Minimum wage for tipped workers is greater than federal minimum tipped wage ($2.13/hr).,7.25,4.86
36,39,Ohio,61938,OH,23,49.09151677,26,40.43712527,32,26.19047619,5,95,34.83,9.3,26.7,4.65,0.5,188,0.134941143,0.148900169,No,Yes,No,No,Yes,No,No,No,No,No,No,No,No,Yes,Yes,No,No,No,Yes,Yes,Yes,0.75,Required,"Yes. Policy includes back pay, monetary damages, recovered attorney fees, and right to take complaints to a government agency and court. Does not include government-imposed fine.",756617,10.6,$10.10 ,$5.05 ,Minimum wage and minimum tipped wage are greater than federal minimum wage ($7.25/hr) and  federal minimum tipped wage ($2.13/hr).,10.1,5.05
37,40,Oklahoma,56956,OK,45,18.79830497,45,8.454095769,37,22.61904762,39,30,35.47,7.25,20.4,2.13,0.293793103,163.9130435,0.115529351,0.134003469,No,No,No,No,Yes,No,No,No,No,No,No,No,No,Yes,Partially covered or covered with exceptions.,No,No,Yes,Yes,Yes,No,0,Allowed,No. Criminal penalities only against wage theft retaliation (no civil penalties).,215336,13.3,$7.25 ,$2.13 ,Minimum wage and minimum tipped wage are the same as federal minimum wage ($7.25/hr) and  federal minimum tipped wage ($2.13/hr).,7.25,2.13
38,41,Oregon,70084,OR,1,86.72192196,6,69.9298049,1,96.42857143,1,100,41.36,13.5,32.6,13.5,1,351,0.212161509,0.429292929,No,"Yes, with some exceptions.",Yes,Yes,Yes,Yes,Yes,Yes,Yes,Yes,Yes,Yes,Yes,Yes,Yes,Yes,Yes,No,Yes,Yes,Yes,1,Required,"Yes. Policy includes back pay, monetary damages, recovered attorney fees, right to take complaints to a government agency and court, and potential for government-imposed fine.",272191,9.8,$13.50 ,$13.50 ,Minimum wage and minimum tipped wage are greater than federal minimum wage ($7.25/hr) and  federal minimum tipped wage ($2.13/hr). Employers must pay tipped workers full state minimum wage before tips.,13.5,13.5
39,42,Pennsylvania,67587,PA,32,33.41922416,38,13.75639374,37,22.61904762,11,80,36.34,7.25,20,2.83,0.390344828,157.744,0.108519538,0.39352132,No,"Yes, with some exceptions.",No,No,Yes,No,No,No,No,No,No,No,No,Yes,Partially covered or covered with exceptions.,No,No,No,Yes,Yes,Yes,0,Required,No. Criminal penalities only against wage theft retaliation (no civil penalties).,844496,9.4,$7.25 ,$2.83 ,Minimum wage is the same as federal minimum wage ($7.25/hr). Minimum wage for tipped workers is greater than federal minimum tipped wage ($2.13/hr).,7.25,2.83
40,44,Rhode Island,74489,RI,15,60.65883463,20,51.64708658,11,57.14285714,11,80,38.11,12.25,32.1,3.89,0.31755102,275.245,0.180559564,0.441264965,No,"Yes, with some exceptions.",Yes,Yes,Yes,No,Yes,Yes,Yes,No,Yes,No,No,Yes,Partially covered or covered with exceptions.,No,No,No,Yes,Yes,Yes,0,Required,No. Criminal penalities only against wage theft retaliation (no civil penalties).,66571,9.5,$13.00 ,$3.89 ,Minimum wage and minimum tipped wage are greater than federal minimum wage ($7.25/hr) and  federal minimum tipped wage ($2.13/hr).,13,3.89
41,45,South Carolina,58234,SC,47,12.51241009,52,2.11435857,25,33.33333333,49,0,37.61,7.25,19.3,2.13,0.293793103,145,0.09638394,0.109252562,No,No,Yes,Yes,Yes,No,No,No,No,No,No,No,No,Yes,No,No,No,Yes,No,No,No,0,No,No. Criminal penalities only against wage theft retaliation (no civil penalties).,269802,10,$7.25 ,$2.13 ,No state minimum wage requirement. Federal minimum wage applies.,7.25,2.13
42,46,South Dakota,63920,SD,27,42.22867879,14,60.78003031,37,22.61904762,32,40,33.83,9.95,29.4,4.975,0.5,199,0.147058824,0.161870504,Yes,Yes,No,No,Yes,No,No,No,No,No,No,No,No,Yes,Partially covered or covered with exceptions.,No,No,Yes,Yes,Yes,No,0,Required,No. Criminal penalities only against wage theft retaliation (no civil penalties).,61685,10.8,$10.80 ,$5.40 ,Minimum wage and minimum tipped wage are greater than federal minimum wage ($7.25/hr) and  federal minimum tipped wage ($2.13/hr).,10.8,5.4
43,47,Tennessee,58516,TN,41,23.11532073,42,9.871635161,25,33.33333333,39,30,33.17,7.25,21.9,2.13,0.293793103,145,0.109285499,0.125129444,No,No,Yes,Yes,Yes,No,No,No,No,No,No,No,No,Yes,No,No,No,Yes,Yes,Yes,No,0,Allowed,No. Criminal penalities only against wage theft retaliation (no civil penalties).,427125,12.7,$7.25 ,$2.13 ,No state minimum wage requirement. Federal minimum wage applies.,7.25,2.13
44,48,Texas,67321,TX,48,11.5645172,40,12.24462632,45,19.04761905,49,0,35.75,7.25,20.3,2.13,0.293793103,150.8,0.105454545,0.122601626,No,"Yes, with some exceptions.",No,No,Yes,No,No,No,No,No,No,No,No,Yes,No,No,No,Yes,No,No,No,0,No,No. Criminal penalities only against wage theft retaliation (no civil penalties).,2051769,14.6,$7.25 ,$2.13 ,Minimum wage and minimum tipped wage are the same as federal minimum wage ($7.25/hr) and  federal minimum tipped wage ($2.13/hr).,7.25,2.13
45,49,Utah,79133,UT,44,18.94474594,43,8.820198187,30,29.76190476,44,20,36.86,7.25,19.7,2.13,0.293793103,140,0.09495388,0.109204368,No,"Yes, with some exceptions.",Yes,No,Yes,No,No,No,No,No,No,No,No,Yes,Partially covered or covered with exceptions.,No,No,Yes,Yes,No,No,0,Allowed,No. Criminal penalities only against wage theft retaliation (no civil penalties).,225340,11.5,$7.25 ,$2.13 ,Minimum wage and minimum tipped wage are the same as federal minimum wage ($7.25/hr) and  federal minimum tipped wage ($2.13/hr).,7.25,2.13
46,50,Vermont,67674,VT,11,66.73069787,16,60.57674468,11,57.14285714,7,90,39.53,12.55,31.7,6.28,0.500398406,290.0444444,0.183433117,0.434048873,Yes,No,Yes,Yes,Yes,Yes,Yes,No,Yes,Yes,No,No,No,Yes,Partially covered or covered with exceptions.,No,No,No,Yes,Yes,Yes,0.5,Required,"Yes. Policy includes back pay, recovered attorney fees, court cases against employers, and court-mandated monetary damages. Does not include government-imposed fine. No easy means to take complaint to government agency.",37104,9.1,$13.18 ,$6.59 ,Minimum wage and minimum tipped wage are greater than federal minimum wage ($7.25/hr) and  federal minimum tipped wage ($2.13/hr).,13.18,6.59
47,51,Virginia,80615,VA,22,49.61791329,25,40.71144989,19,48.80952381,25,65,39.18,11,28.1,2.13,0.193636364,228.8,0.145992853,0.334619952,Yes,No,Yes,Yes,Yes,Yes,No,No,No,No,No,No,No,Yes,Partially covered or covered with exceptions.,Yes,No,Yes,Yes,Yes,Yes,0.75,Allowed,"Yes. Policy includes back pay, monetary damages, recovered attorney fees, and right to take complaints to a government agency and court. Does not include government-imposed fine.",604958,8.6,$12.00 ,$2.13 ,Minimum wage is greater than federal minimum wage ($7.25/hr). Minimum wage for tipped workers is the same as federal minimum tipped wage ($2.13/hr).,12,2.13
48,53,Washington,82400,WA,3,83.32861158,1,89.57152896,3,78.57142857,11,80,37.66,14.49,38.5,14.49,1,290.0898,0.192571561,0.43085695,Yes,"Yes, with some exceptions.",Yes,Yes,Yes,Yes,Yes,Yes,Yes,No,No,No,No,Yes,Yes,No,Yes,No,Yes,Yes,Yes,0,Required,No. Criminal penalities only against wage theft retaliation (no civil penalties).,677489,10.5,$15.74 ,$15.74 ,Minimum wage and minimum tipped wage are greater than federal minimum wage ($7.25/hr) and  federal minimum tipped wage ($2.13/hr). Employers must pay tipped workers full state minimum wage before tips.,15.74,15.74
49,54,West Virginia,50884,WV,34,29.35328794,31,34.84155318,30,29.76190476,44,20,34.88,8.75,25.1,2.62,0.299428571,192.5,0.13797305,0.160416667,Yes,No,Yes,No,Yes,No,No,No,No,No,No,No,No,Yes,Partially covered or covered with exceptions.,No,No,Yes,Yes,No,No,0,Allowed,No. Criminal penalities only against wage theft retaliation (no civil penalties).,85434,11.6,$8.75 ,$2.63 ,Minimum wage and minimum tipped wage are greater than federal minimum wage ($7.25/hr) and  federal minimum tipped wage ($2.13/hr).,8.75,2.63
50,55,Wisconsin,67080,WI,38,25.08401501,36,17.91837086,37,22.61904762,32,40,36.34,7.25,20,2.33,0.32137931,150.8,0.103742433,0.363783086,No,Yes,No,No,Yes,No,No,No,No,No,No,No,No,Yes,Partially covered or covered with exceptions.,No,No,Yes,Yes,Yes,No,0,Required,No. Criminal penalities only against wage theft retaliation (no civil penalties).,368611,8.2,$7.25 ,$2.33 ,Minimum wage is the same as federal minimum wage ($7.25/hr). Minimum wage for tipped workers is greater than federal minimum tipped wage ($2.13/hr).,7.25,2.33
51,56,Wyoming,68002,WY,37,25.42965505,33,21.90747097,45,19.04761905,32,40,33.88,7.25,21.4,2.13,0.293793103,150.8,0.111275089,0.12766678,Yes,No,No,No,Yes,No,No,No,No,No,No,No,No,Yes,No,No,No,Yes,Yes,No,Yes,0,Allowed,No. Criminal penalities only against wage theft retaliation (no civil penalties).,41510,14.3,$7.25 ,$2.13 ,Minimum wage and minimum tipped wage are the same as federal minimum wage ($7.25/hr) and  federal minimum tipped wage ($2.13/hr).,7.25,2.13
52,72,Puerto Rico,21967,PR,17,59.29922901,28,38.87307252,9,67.85714286,11,80,28.67,8.5,29.6,2.13,0.250588235,170,0.148238577,0.447866345,No,"Yes, with some exceptions.",No,Yes,Yes,Yes,Yes,Yes,Yes,No,Yes,No,No,Yes,Yes,Yes,No,No,Yes,Yes,Yes,0,Required,No. Criminal penalities only against wage theft retaliation (no civil penalties).,,,$8.50 ,$2.13 ,Minimum wage is greater than federal minimum wage ($7.25/hr). Minimum wage for tipped workers is the same as federal minimum tipped wage ($2.13/hr).,8.5,2.13